Effective Date,Added,Added,Removed,Removed,Reason
Effective Date,Ticker,Security,Ticker,Security,Reason
"November 28, 2025",SNDK,Sandisk,IPG,Interpublic Group,S&P 500 constituent Omnicom Group Inc. (OMC) is acquiring (The) Interpublic Group.[6][7]
"November 4, 2025",,,EMN,Eastman Chemical Co.,Market capitalization change.[8]
"November 3, 2025",Q,Qnity Electronics,,,"S&P 500 constituent Dupont de Nemours, Inc. spun off Qnity Electronics.[8]"
"October 31, 2025",,,KMX,CarMax,Market capitalization change.[8]
"October 30, 2025",SOLS,Solstice Advanced Materials,,,S&P 500 and S&P 100 constituent Honeywell International Inc. spun off Solstice Advanced Materials.[8]
"September 22, 2025",EME,Emcor,ENPH,Enphase Energy,Market capitalization change.[9]
"September 22, 2025",HOOD,Robinhood Markets,CZR,Caesars Entertainment,Market capitalization change.[9]
"September 22, 2025",APP,AppLovin,MKTX,MarketAxess,Market capitalization change.[9]
"August 28, 2025",IBKR,Interactive Brokers,WBA,Walgreens Boots Alliance,Sycamore Partners acquired Walgreen Boots Alliance.[10]
"July 23, 2025",XYZ,"Block, Inc.",HES,Hess Corporation,S&P 500 and S&P 100 constituent Chevron Corp. acquired Hess Corporation[11]
"July 18, 2025",TTD,Trade Desk (The),ANSS,Ansys,S&P 500 constituent Synopsys Inc. acquired Ansys.[12]
"July 9, 2025",DDOG,Datadog,JNPR,Juniper Networks,S&P 500 constituent Hewlett Packard Enterprise Co. acquired Juniper Networks.[13]
"May 19, 2025",COIN,Coinbase,DFS,Discover Financial,S&P 500 constituent Capital One Financial Corp. acquired Discover Financial Services.[14]
"March 24, 2025",DASH,DoorDash,BWA,BorgWarner,Market capitalization change.[15]
"March 24, 2025",TKO,TKO Group Holdings,TFX,Teleflex,Market capitalization change.[15]
"March 24, 2025",WSM,"Williams-Sonoma, Inc.",CE,Celanese,Market capitalization change.[15]
"March 24, 2025",EXE,Expand Energy,FMC,FMC Corporation,Market capitalization change.[15]
"December 23, 2024",APO,Apollo Global Management,QRVO,Qorvo,Market capitalization change.[16]
"December 23, 2024",WDAY,"Workday, Inc.",AMTM,Amentum,Market capitalization change.[16]
"December 23, 2024",LII,Lennox International,CTLT,Catalent,Novo Holdings A/S acquired Catalent.[17]
"November 26, 2024",TPL,Texas Pacific Land Corporation,MRO,Marathon Oil,S&P 500 & 100 constituent ConocoPhillips acquired Marathon Oil.[18]
"October 1, 2024",,,BBWI,"Bath & Body Works, Inc.",Market capitalization change.[19]
"September 30, 2024",AMTM,Amentum,,,"S&P 500 constituent Jacobs Solutions spun off its Critical Mission Solutions and Cyber Intelligence business, which merged with private Amentum to create newly publicly traded Amentum Holdings.[19]"
"September 23, 2024",PLTR,Palantir Technologies,AAL,American Airlines Group,Market capitalization change.[20]
"September 23, 2024",DELL,Dell Technologies,ETSY,Etsy,Market capitalization change.[20]
"September 23, 2024",ERIE,Erie Indemnity,BIO,Bio-Rad Laboratories,Market capitalization change.[20]
"June 24, 2024",KKR,KKR,RHI,Robert Half,Market capitalization change.[21]
"June 24, 2024",CRWD,CrowdStrike,CMA,Comerica,Market capitalization change.[21]
"June 24, 2024",GDDY,GoDaddy,ILMN,"Illumina, Inc.",Market capitalization change.[21]
"May 8, 2024",VST,Vistra,PXD,Pioneer Natural Resources,S&P 500 and S&P 100 constituent ExxonMobil acquired Pioneer Natural Resources.[22]
"April 3, 2024",,,XRAY,Dentsply Sirona,Market capitalization change.[23]
"April 3, 2024",,,VFC,VF Corporation,Market capitalization change.[23]
"April 2, 2024",GEV,GE Vernova,,,S&P 500 and 100 constituent General Electric Corp. spun off GE Vernova.[23]
"April 1, 2024",SOLV,Solventum,,,S&P 500 and 100 constituent 3M Co. spun off Solventum.[23]
"March 18, 2024",SMCI,Supermicro,WHR,Whirlpool Corporation,Market capitalization change.[24]
"March 18, 2024",DECK,Deckers Brands,ZION,Zions Bancorporation,Market capitalization change.[24]
"December 18, 2023",UBER,Uber,SEE,Sealed Air,Market capitalization change.[25]
"December 18, 2023",JBL,Jabil,ALK,Alaska Air Group,Market capitalization change.[25]
"December 18, 2023",BLDR,Builders FirstSource,SEDG,SolarEdge,Market capitalization change.[25]
"October 18, 2023",HUBB,Hubbell,OGN,Organon & Co.,Market capitalization change.[26]
"October 18, 2023",LULU,Lululemon Athletica,ATVI,Activision Blizzard,S&P 500 and S&P 100 constituent Microsoft acquired Activision Blizzard.[26]
"October 3, 2023",,,DXC,DXC Technology,Market capitalization change.[27]
"October 2, 2023",VLTO,Veralto,,,S&P 500 and S&P 100 constituent Danaher Corporation spun off Veralto.[27]
"September 18, 2023",BX,Blackstone,LNC,Lincoln National Corporation,Market capitalization change.[28]
"September 18, 2023",ABNB,Airbnb,NWL,Newell Brands,Market capitalization change.[28]
"August 25, 2023",KVUE,Kenvue,AAP,Advance Auto Parts,S&P 500 and S&P 100 constituent Johnson & Johnson offered to exchange the shares of Kenvue held for shares of Johnson & Johnson in a split-off exchange offer.[29]
"June 20, 2023",PANW,Palo Alto Networks,DISH,Dish Network,Market capitalization change.[30]
"May 4, 2023",AXON,Axon Enterprise,FRC,First Republic Bank,The Federal Deposit Insurance Corporation (FDIC) placed First Republic Bank into FDIC Receivership.[31]
"March 20, 2023",FICO,Fair Isaac,LUMN,Lumen Technologies,Market capitalization change.[32]
"March 15, 2023",BG,Bunge Global,SBNY,Signature Bank,The FDIC placed Signature Bank into FDIC Receivership.[33]
"March 15, 2023",PODD,Insulet,SIVB,SVB Financial Group,"The FDIC placed SVB's main subsidiary, Silicon Valley Bank, into receivership.[34]"
"January 5, 2023",,,VNO,Vornado Realty Trust,Market capitalization change.[35]
"January 4, 2023",GEHC,GE HealthCare,,,S&P 500 constituent General Electric spun off GE HealthCare.[36]
"December 22, 2022",STLD,Steel Dynamics,ABMD,Abiomed,S&P 500 constituent Johnson & Johnson acquired Abiomed.[37]
"December 19, 2022",FSLR,First Solar,FBHS,Fortune Brands Home & Security,Market capitalization change.[38]
"December 19, 2022",,,MBC,MasterBrand,Market capitalization change.[38]
"December 15, 2022",MBC,MasterBrand,,,S&P 500 constituent Fortune Brands Home & Security spun off MasterBrand.[38]
"November 1, 2022",ACGL,Arch Capital Group,TWTR,Twitter,Elon Musk acquired Twitter.[39]
"October 12, 2022",TRGP,Targa Resources,NLSN,Nielsen Holdings,Elliot Management Corp acquired Nielsen Holdings.[40]
"October 3, 2022",PCG,PG&E,CTXS,Citrix Systems,Vista Equity Partners acquired Citrix Systems.[41]
"October 3, 2022",EQT,EQT Corporation,DRE,Duke Realty,S&P 500 constituent Prologis Inc. acquired Duke Realty.[41]
"September 19, 2022",CSGP,CoStar Group,PVH,PVH,Market capitalization change.[42]
"September 19, 2022",INVH,Invitation Homes,PENN,Penn Entertainment,Market capitalization change.[42]
"June 21, 2022",,,UA,Under Armour (Class C),Market capitalization change.[43]
"June 21, 2022",KDP,Keurig Dr Pepper,UAA,Under Armour (Class A),Market capitalization change.[43]
"June 21, 2022",ON,ON Semiconductor,IPGP,IPG Photonics,Market capitalization change.[43]
"June 8, 2022",VICI,Vici Properties,CERN,Cerner,S&P 500 constituent Oracle Corp. acquired Cerner.[43]
"April 11, 2022",WBD,Warner Bros. Discovery,DISCA,"Discovery, Inc.",WarnerMedia and Discovery merge to create Warner Bros. Discovery.[44]
"April 11, 2022",,,DISCK,"Discovery, Inc.",WarnerMedia and Discovery merge to create Warner Bros. Discovery.[44]
"April 4, 2022",CPT,Camden Property Trust,PBCT,People's United Financial,S&P 500 constituent M&T Bank Corp. acquired People's United Financial.[45]
"March 2, 2022",MOH,Molina Healthcare,INFO,IHS Markit,S&P 500 constituent S&P Global Inc. acquired IHS Markit.[46]
"February 15, 2022",NDSN,Nordson Corporation,XLNX,Xilinx,S&P 500 constituent Advanced Micro Devices acquired Xilinx.[47]
"February 3, 2022",,,GPS,Gap,Market capitalization change.[48]
"February 2, 2022",CEG,Constellation Energy,,,S&P 500 and 100 constituent Exelon Corp. spun off Constellation Energy.[48]
"December 20, 2021",SBNY,Signature Bank,LEG,Leggett & Platt,Market capitalization change.[49]
"December 20, 2021",SEDG,SolarEdge,HBI,Hanesbrands,Market capitalization change.[49]
"December 20, 2021",FDS,FactSet,WU,Western Union,Market capitalization change.[49]
"December 14, 2021",EPAM,EPAM Systems,KSU,Kansas City Southern,Canadian Pacific acquired Kansas City Southern.[50]
"September 20, 2021",MTCH,Match Group,PRGO,Perrigo,Market capitalization change.[51]
"September 20, 2021",CDAY,Ceridian,UNM,Unum,Market capitalization change.[51]
"September 20, 2021",BRO,Brown & Brown,NOV,Nov,Market capitalization change.[51]
"August 30, 2021",TECH,Bio-Techne,MXIM,Maxim Integrated,S&P 500 constituent Analog Devices acquired Maxim Integrated Products.[52]
"July 21, 2021",MRNA,Moderna,ALXN,Alexion Pharmaceuticals,AstraZeneca acquired Alexion Pharmaceuticals.[53]
"June 4, 2021",,,HFC,HollyFrontier,Market capitalization change.[54]
"June 3, 2021",OGN,Organon & Co.,,,S&P 500/100 constituent Merck & Co. spun off Organon.[54]
"May 14, 2021",CRL,Charles River Laboratories,FLIR,FLIR Systems,S&P 500 constituent Teledyne Technologies acquired FLIR Systems.[55]
"April 20, 2021",PTC,PTC,VAR,Varian Medical Systems,Siemens Healthineers acquired Varian Medical Systems.[56]
"March 22, 2021",NXPI,NXP,FLS,Flowserve,Market capitalization change.[57]
"March 22, 2021",PENN,Penn National Gaming,SLG,SL Green Realty,Market capitalization change.[57]
"March 22, 2021",GNRC,Generac Holdings,XRX,Xerox,Market capitalization change.[57]
"March 22, 2021",CZR,Caesars Entertainment,VNT,Vontier,Market capitalization change.[57]
"February 12, 2021",MPWR,Monolithic Power Systems,FTI,TechnipFMC,TechnipFMC was removed from the S&P 500 in anticipation of its announced spin-off of Technip Energies.[58]
"January 21, 2021",TRMB,Trimble,CXO,Concho Resources,S&P 500/100 constituent ConocoPhillips acquired Concho Resources.[59]
"January 7, 2021",ENPH,Enphase Energy,TIF,Tiffany & Co,LVMH Moet Hennessy-Louis Vuitton SE acquired Tiffany & Co.[60]
"December 21, 2020",TSLA,Tesla,AIV,Apartment Investment & Management,Apartment Investment and Management (Aimco) spun off Apartment Income REIT.[61]
"October 12, 2020",,,NBL,Noble Energy,Chevron acquired Noble Energy.[62]
"October 9, 2020",VNT,Vontier,,,S&P 500 constituent Fortive spun off Vontier.[62]
"October 7, 2020",POOL,Pool Corporation,ETFC,E-Trade,Morgan Stanley acquired E*Trade.[63]
"September 21, 2020",ETSY,Etsy,HRB,H&R Block,Market capitalization change.[64]
"September 21, 2020",TER,Teradyne,COTY,Coty,Market capitalization change.[64]
"September 21, 2020",CTLT,Catalent,KSS,Kohl's,Market capitalization change.[64]
"June 22, 2020",BIO,Bio-Rad Laboratories,ADS,Alliance Data Systems,Market capitalization change.[65]
"June 22, 2020",TDY,Teledyne,HOG,Harley-Davidson,Market capitalization change.[65]
"June 22, 2020",TYL,Tyler Technologies,JWN,Nordstrom,Market capitalization change.[65]
"May 22, 2020",WST,West Pharmaceutical Services,HP,Helmerich & Payne,Market capitalization change.[66]
"May 12, 2020",DPZ,Domino's Pizza,CPRI,Capri Holdings,Market capitalization change.[67]
"May 12, 2020",DXCM,Dexcom,AGN,Allergan,Allergan acquired by AbbVie.[67]
"April 6, 2020",,,M,Macy's,Market capitalization change.[68]
"April 6, 2020",,,RTN,Raytheon Company,United Technologies spun off Otis and Carrier and acquired Raytheon Company.[68]
"April 3, 2020",OTIS,Otis Worldwide,,,United Technologies spun off Otis and Carrier and acquired Raytheon Company.[68]
"April 3, 2020",CARR,Carrier,,,United Technologies spun off Otis and Carrier and acquired Raytheon Company.[68]
"April 1, 2020",HWM,Howmet Aerospace,ARNC,Arconic,Arconic separated into 2 companies - Howmet remained on the index.[69]
"March 2, 2020",IR,Ingersoll Rand,XEC,Cimarex Energy,"Gardner Denver acquired Ingersoll Rand's industrial businesses then changed its name to the ""new"" Ingersoll Rand Inc.[70][71]"
"January 28, 2020",PAYC,Paycom,WCG,WellCare,S&P 500 constituent Centene Corp. (NYSE: CNC) acquired Wellcare Health Plans.[72]
"December 23, 2019",LYV,Live Nation Entertainment,AMG,Affiliated Managers Group,Market capitalization change.[73]
"December 23, 2019",ZBRA,Zebra Technologies,TRIP,TripAdvisor,Market capitalization change.[73]
"December 23, 2019",STE,Steris,MAC,Macerich,Market capitalization change.[73]
"December 9, 2019",ODFL,Old Dominion Freight Line,STI,SunTrust Banks,BB&T acquired SunTrust to form Truist Financial.[74]
"December 5, 2019",WRB,W. R. Berkley Corporation,VIAB,Viacom,CBS acquired Viacom to form ViacomCBS.[75]
"November 21, 2019",NOW,ServiceNow,CELG,Celgene,Bristol-Myers Squibb (NYSE:BMY) acquired Celgene.[76]
"October 3, 2019",LVS,Las Vegas Sands,NKTR,Nektar Therapeutics,Market capitalization change.[77]
"September 26, 2019",NVR,NVR,JEF,Jefferies Financial Group,JEF spun off SPB.[78]
"September 23, 2019",CDW,CDW Corporation,TSS,TSYS,S&P 500 constituent Global Payments (NYSE: GPN) acquired TSS.[79]
"August 9, 2019",LDOS,Leidos,APC,Anadarko Petroleum,S&P 500 & 100 constituent Occidental Petroleum Corp. (NYSE:OXY) acquired Anadarko Petroleum.[80]
"August 9, 2019",IEX,IDEX Corporation,FL,Foot Locker,Market capitalization change.[80]
"July 15, 2019",TMUS,T-Mobile US,RHT,Red Hat,S&P 500 & 100 constituent IBM acquired Red Hat.[81]
"July 1, 2019",MKTX,MarketAxess,LLL,L3 Technologies,L3 purchased by Harris Corporation[82]
"June 11, 2019",AMCR,Amcor,BMS,Bemis,BMS changed to AMCR post merger with Amcor;[83] subsequently renamed to Amcor[84]
"June 7, 2019",BMS,Bemis,MAT,Mattel,Pending merger of Bemis and Amcor; Bemis treated as the surviving entity.[85]
"June 3, 2019",DD,DuPont,DWDP,DuPont,DWDP changed to DD after spinning off Corteva.[86]
"June 3, 2019",CTVA,Corteva,FLR,Fluor Corporation,CTVA spun off from DWDP (which then changed symbol to DD)[86]
"April 2, 2019",DOW,Dow,BHF,Brighthouse Financial,DOW spun off from DWDP[87]
"March 19, 2019",FOXA,Fox Corporation,FOXA,21st Century Fox,21st Century Fox merged with Disney and some parts spun off as Fox Corporation.[88]
"March 19, 2019",FOX,Fox Corporation,FOX,21st Century Fox,21st Century Fox merged with Disney and some parts spun off as Fox Corporation.[88]
"February 27, 2019",WAB,Wabtec,GT,The Goodyear Tire & Rubber Company,WAB acquired GE transportation business[89]
"February 15, 2019",ATO,Atmos Energy,NFX,Newfield Exploration,ECA acquired NFX[90]
"January 18, 2019",TFX,Teleflex,PCG,Pacific Gas & Electric Company,PCG filed for bankruptcy[91]
"January 2, 2019",FRC,First Republic Bank,SCG,SCANA,Dominion Energy acquired SCANA Corporation[92]
"December 24, 2018",CE,Celanese,ESRX,Express Scripts,S&P 500 constituent Cigna (NYSE: CI) acquired ESRX[93]
"December 3, 2018",LW,Lamb Weston,COL,Rockwell Collins,UTX acquired COL[94]
"December 3, 2018",MXIM,Maxim Integrated,AET,Aetna,CVS acquired Aetna[94]
"December 3, 2018",FANG,Diamondback Energy,SRCL,Stericycle,Market Capitalization change[94]
"November 13, 2018",JKHY,Jack Henry & Associates,EQT,EQT Corporation,EQT spun off ETRN[95]
"November 6, 2018",KEYS,Keysight,CA,CA Technologies,CA acquired by Broadcom.[96]
"October 11, 2018",FTNT,Fortinet,EVHC,Envision Healthcare,EVHC acquired by KKR.[97]
"October 1, 2018",ROL,Rollins,ANDV,Andeavor,ANDV acquired by Marathon Petroleum.[98]
"September 14, 2018",WCG,WellCare,XL,XL Group,XL acquired by Axa.[99]
"August 28, 2018",ANET,Arista Networks,GGP,GGP,GGP acquired by Brookfield Property Partners.[100]
"July 2, 2018",CPRT,Copart,DPS,Dr Pepper Snapple Group,DPS acquired by Keurig Green Mountain.[101]
"June 20, 2018",FLT,FleetCor Technologies,TWX,Time Warner,AT&T acquired Time Warner.[102]
"June 18, 2018",BR,Broadridge Financial Solutions,RRC,Range Resources,Market capitalization change.[103]
"June 18, 2018",HFC,HollyFrontier,AYI,Acuity Brands,Market capitalization change.[103]
"June 7, 2018",TWTR,Twitter,MON,Monsanto,Bayer acquired Monsanto.[104]
"June 5, 2018",EVRG,Evergy,NAVI,Navient,Westar Energy (NYSE: WR) acquired Great Plains Energy (NYSE: GXP) and changed name to Evergy.[105]
"May 31, 2018",ABMD,Abiomed,WYN,Wyndham Worldwide,Wyndham Worldwide spun off Wyndham Hotels & Resorts (NYSE:WH).[106]
"April 4, 2018",MSCI,MSCI,CSRA,CSRA,S&P 500 constituent General Dynamics (NYSE: GD) acquired CSRA.[107]
"March 19, 2018",TTWO,Take-Two Interactive,SIG,Signet Jewelers,Market capitalization change.[108]
"March 19, 2018",SIVB,SVB Financial Group,PDCO,Patterson Companies,Market capitalization change.[108]
"March 19, 2018",NKTR,Nektar Therapeutics,CHK,Chesapeake Energy,Market capitalization change.[108]
"March 7, 2018",IPGP,IPG Photonics,SNI,Scripps Networks Interactive,Discovery Communications acquired SNI.[109]
"January 3, 2018",HII,Huntington Ingalls Industries,BCR,CR Bard,Becton Dickinson acquired BCR.[110]
"October 13, 2017",NCLH,Norwegian Cruise Line Holdings,LVLT,Level 3 Communications,CenturyLink acquired LVLT.[111]
"September 18, 2017",CDNS,Cadence Design Systems,SPLS,Staples,Sycamore Partners acquired Staples.[112]
"September 1, 2017",DWDP,DuPont,DOW,Dow Chemical Company,The Dow Chemical Company renamed to DowDuPont Inc. and ticker changed from DOW to DWDP after acquiring DuPont.[113]
"September 1, 2017",SBAC,SBA Communications,DD,DuPont,The Dow Chemical Company acquired DuPont.[113]
"August 29, 2017",Q,QuintilesIMS,WFM,Whole Foods Market,Amazon acquired Whole Foods Market.[113]
"August 8, 2017",BHF,Brighthouse Financial,AN,AutoNation,"BHF replaced AN,[114] MET spun off BHF[114]"
"July 26, 2017",DRE,Duke Realty Corp,RIG,Transocean,Market capitalization change.[115]
"July 26, 2017",AOS,A. O. Smith,BBBY,Bed Bath & Beyond,Market capitalization change.[115]
"July 26, 2017",PKG,Packaging Corporation of America,MUR,Murphy Oil,Market capitalization change.[115]
"July 26, 2017",RMD,ResMed,MNK,Mallinckrodt,Market capitalization change.[115]
"July 26, 2017",MGM,MGM Resorts International,RAI,Reynolds American,British American Tobacco (NYSE MKT:BTI) acquired Reynolds American.[115]
"July 7, 2017",BKR,Baker Hughes,BHI,Baker Hughes,Baker Hughes merged with GE Oil & Gas to form new company.[116]
"June 19, 2017",HLT,Hilton,YHOO,Yahoo!,VZ acquired YHOO operations; remainder of YHOO converted to closed-end company known as Altaba.[117]
"June 19, 2017",ALGN,Align Technology,TDC,Teradata,Market capitalization changes.[117]
"June 19, 2017",ANSS,Ansys,R,Ryder System,Market capitalization changes.[117]
"June 19, 2017",RE,Everest Re,MJN,Mead Johnson,Reckitt Benckiser acquired Mead Johnson Nutrition.[118]
"June 2, 2017",INFO,IHS Markit,TGNA,Tegna,TGNA spins off Cars.com[119]
"April 5, 2017",IT,Gartner,DNB,Dun & Bradstreet,IT acquiring CEB[120]
"April 4, 2017",DXC,DXC Technology,SWN,Southwestern Energy,"HPE spins off Everett, merged with CSC to form DXC[121][122]"
"March 20, 2017",AMD,Advanced Micro Devices,URBN,Urban Outfitters,Market capitalization change.[123]
"March 20, 2017",RJF,Raymond James Financial,FTR,Frontier Communications,Market capitalization change.[123]
"March 20, 2017",ARE,Alexandria Real Estate Equities,FSLR,First Solar,Market capitalization change.[123]
"March 16, 2017",SNPS,Synopsys,HAR,Harman International,Samsung Electronics acquired Harman International Industries.[124]
"March 13, 2017",DISH,Dish Network,LLTC,Linear Technology,S&P 500 constituent Analog Devices (NASD:ADI) acquired Linear Technology.[125]
"March 2, 2017",REG,Regency Centers,ENDP,Endo International,REG acquires EQY[126]
"March 1, 2017",CBOE,Cboe Holdings,PBI,Pitney Bowes,CBOE acquires BATS[126]
"February 28, 2017",INCY,Incyte,SE,Spectra Energy,SE acquired by ENB[126]
"January 5, 2017",IDXX,Idexx Laboratories,STJ,St Jude Medical,S&P 100 & 500 constituent Abbott Laboratories (NYSE:ABT) acquired St. Jude Medical.[127]
"December 2, 2016",MAA,Mid-America Apartments,OI,Owens-Illinois,Market capitalization change.[128]
"December 2, 2016",EVHC,Envision Healthcare,LM,Legg Mason,Market capitalization change.[128]
"November 1, 2016",ARNC,Arconic,AA,Alcoa,AA spins off ARNC
"September 30, 2016",COTY,Coty,DO,Diamond Offshore Drilling,COTY replaces DO[129]
"September 22, 2016",COO,The Cooper Companies,HOT,Starwood,MAR acquires HOT[130]
"September 8, 2016",CHTR,Charter Communications,EMC,EMC Corporation,Dell acquires EMC[131]
"September 6, 2016",MTD,Mettler Toledo,TYC,Tyco International,TYC acquires JCI (and retains JCI ticker).[132]
"July 5, 2016",FTV,Fortive Corp,CPGX,Columbia Pipeline Group,CPGX acquired by TRP[133]
"July 1, 2016",LNT,Alliant Energy Corp,GAS,AGL Resources,GAS acquired by SO[134]
"July 1, 2016",ALB,Albemarle Corporation,TE,TECO Energy,TE acquired by EMA[133]
"June 22, 2016",FBHS,Fortune Brands Home & Security,CVC,Cablevision Systems,CVC acquired by Altice NV[135]
"June 3, 2016",TDG,TransDigm Group,BXLT,Baxalta,SHPG acquiring BXLT[136]
"May 31, 2016",AJG,Arthur J. Gallagher & Co.,CCE,Coca-Cola Enterprises,CCE merging with European bottlers[137]
"May 23, 2016",LKQ,LKQ Corporation,ARG,Airgas,ARG acquired by Air Liquide[138]
"May 18, 2016",DLR,Digital Realty,TWC,Time Warner Cable,TWC acquired by CHTR[139]
"May 13, 2016",ALK,Alaska Air Group,SNDK,SanDisk,SNDK acquired by WDC[140]
"May 3, 2016",AYI,Acuity Brands,ADT,ADT,ADT acquired by APO[141]
"April 25, 2016",GPN,Global Payments,GME,GameStop,Global Payments is acquiring Heartland Payment Systems[142]
"April 18, 2016",ULTA,Ulta Beauty,THC,Tenet Healthcare,Ulta replaces Tenet[143]
"April 8, 2016",UA,Under Armour (Class C),,,Under Armour distribution of second class of stock
"April 4, 2016",FL,Foot Locker,CAM,Cameron International,Schlumberger acquired Cameron[144]
"March 30, 2016",HOLX,Hologic,POM,Pepco Holdings,Exelon acquired Pepco.[145]
"March 30, 2016",CNC,Centene Corporation,ESV,Ensco,Centene acquired Health Net.[145]
"March 7, 2016",UDR,UDR,GMCR,Keurig Green Mountain,JAB Holding Company acquired Keurig Green Mountain[146]
"March 4, 2016",AWK,American Water Works,CNX,Consol Energy,AWK replaces CNX[147]
"February 22, 2016",CXO,Concho Resources,PCL,Plum Creek Timber,PCL taken over by WY[148]
"February 1, 2016",CFG,Citizens,PCP,Precision Castparts Corporation,CFG replaces PCP[149]
"February 1, 2016",FRT,Federal Realty Investment Trust,BRCM,Broadcom Corporation,FRT replaces BRCM[150]
"January 19, 2016",EXR,Extra Space Storage,ACE,Chubb,"EXR replaces ACE as ACE Ltd acquires Chubb and retains the CB ticker, giving up ACE[151]"
"January 5, 2016",WLTW,Willis Towers Watson,FOSL,Fossil Group,WSH merges with TW (and renames to WLTW)[152]
"December 29, 2015",CHD,Church & Dwight,ALTR,Altera,ALTR taken over by INTC[153]
"December 15, 2015",,,CMCSK,Comcast K Corp,CMCSK shares no longer listed[154]
"December 1, 2015",CSRA,CSRA,CSC,Computer Sciences Corporation,CSC spins off CSRA[155]
"November 19, 2015",ILMN,Illumina,SIAL,Sigma-Aldrich,Sigma-Aldrich acquired by Merck KGaA (MKGAY)[156]
"November 18, 2015",SYF,Synchrony Financial,GNW,Genworth Financial,GE spinning off Synchrony Financial[157]
"November 2, 2015",HPE,Hewlett Packard Enterprise,HCBK,Hudson City Bancorp,HPQ spins off HPE[158]
"October 7, 2015",VRSK,Verisk Analytics,JOY,Joy Global,Market capitalization change.[159]
"September 18, 2015",CMCSK,Comcast Class K Special,,,Share class methodology change[160]
"September 18, 2015",FOX,Twenty-First Century Fox Class B,,,Share class methodology change
"September 18, 2015",NWS,News Corporation Class B,,,Share class methodology change
"September 2, 2015",UAL,United Continental Holdings,HSP,Hospira,Hospira taken over[161]
"August 28, 2015",ATVI,Activision Blizzard,PLL,Pall Corporation,Pall taken over[161]
"July 29, 2015",SIG,Signet Jewelers,DTV,DirecTV,DirecTV acquired by AT&T.[162]
"July 20, 2015",PYPL,PayPal,NE,Noble Corporation,PayPal Spun off by eBay[163]
"July 8, 2015",AAP,Advance Auto Parts,FDO,Family Dollar,Family Dollar acquired.[164]
"July 6, 2015",KHC,Kraft Heinz,KRFT,Kraft Foods,Kraft merger with Heinz.[165]
"July 2, 2015",CPGX,Columbia Pipeline Group,ATI,Allegheny Technologies,Spin off of Columbia Pipeline.[166]
"July 1, 2015",JBHT,J.B. Hunt,TEG,Integrys Energy Group,Integrys taken over.[167]
"July 1, 2015",BXLT,Baxalta,QEP,QEP Resources,Baxalta spun off by Baxter.[168]
"June 11, 2015",QRVO,Qorvo,LO,Lorillard Tobacco Company,Lorillard gets acquired.[169]
"April 7, 2015",O,Realty Income Corporation,WIN,Windstream Communications,Market capitalization change.[170]
"March 23, 2015",AAL,American Airlines Group,AGN,Allergan,Allergan acquired by Actavis (and changed name to Allergan).[171]
"March 23, 2015",EQIX,Equinix,DNR,Denbury Resources,Market Capitalization Changes.[172]
"March 23, 2015",SLG,SL Green Realty,NBR,Nabors Industries,Market Capitalization Changes.
"March 23, 2015",HBI,Hanesbrands,AVP,Avon Products,Market Capitalization Changes.
"March 18, 2015",HSIC,Henry Schein,CFN,Carefusion,Carefusion acquired by Becton Dickinson[173]
"March 12, 2015",SWKS,Skyworks,PETM,PetSmart,PetSmart acquired by private equity consortium[174]
"January 27, 2015",HCA,HCA Holdings,SWY,Safeway,Safeway acquired by private equity consortium[175]
"January 27, 2015",ENDP,Endo International,COV,Covidien,Covidien acquired by Medtronic[176]
"December 5, 2014",RCL,Royal Caribbean Cruises,BMS,Bemis Company,Market cap changes[177]
"November 5, 2014",LVLT,Level 3 Communications,JBL,Jabil Circuit,Market cap changes[178]
"September 20, 2014",URI,United Rentals,BTU,Peabody Energy,Market cap changes[179]
"September 20, 2014",UHS,Universal Health Services,GHC,Graham Holdings,Market cap changes
"August 18, 2014",MNK,Mallinckrodt,RDC,Rowan Companies,Market cap changes[180]
"August 6, 2014",DISCK,Discovery Communications,,,Class C share distribution[181]
"July 2, 2014",MLM,Martin Marietta,X,United States Steel,Market capitalization changes[182]
"July 1, 2014",AMG,Affiliated Managers Group,FRX,Forest Laboratories,Actavis acquires Forest Laboratories[183]
"June 20, 2014",XEC,Cimarex Energy,IGT,International Game Technology,Market capitalization changes[184]
"May 8, 2014",AVGO,Avago Technologies,LSI,LSI Corporation,Avago acquires LSI[185]
"May 1, 2014",UA,Under Armour,BEAM,Suntory Global Spirits,Beam acquired by Suntory[186]
"May 1, 2014",NAVI,Navient,SLM,SLM Corporation,Navient Spun off from SLM[186]
"April 3, 2014",GOOGL,Google,,,Google Class C share distribution[187]
"April 2, 2014",ESS,Essex Property Trust,CLF,Cliffs Natural Resources,Market capitalization changes[188]
"March 21, 2014",GMCR,Keurig Green Mountain,WPX,WPX Energy,Market capitalization changes[189]
"January 24, 2014",TSCO,Tractor Supply,LIFE,Life Technologies,Life Technologies acquired by Thermo Fisher Scientific Inc[190]
"December 23, 2013",ADS,Alliance Data Systems,ANF,Abercrombie & Fitch,Market capitalization changes.[191]
"December 23, 2013",MHK,Mohawk Industries,JDSU,JDS Uniphase,Market capitalization changes.[191]
"December 23, 2013",FB,Facebook,TER,Teradyne,Market capitalization changes.[191]
"December 10, 2013",GGP,General Growth Properties,MOLX,Molex,MOLX acquired by Koch Industries.[192]
"December 2, 2013",ALLE,Allegion,JCP,JCPenney,Allegion spun off by Ingersoll Rand.[193]
"November 13, 2013",KORS,Michael Kors,NYX,NYSE Euronext,ICE Exchange acquired NYSE Euronext.[194]
"October 29, 2013",RIG,Transocean,DELL,Dell,Founder Michael Dell and Silver Lake Partners acquired Dell.[195]
"September 20, 2013",VRTX,Vertex Pharmaceuticals,AMD,Advanced Micro Devices,Market capitalization change.[196]
"September 20, 2013",AME,Ametek,SAI,SAIC,Market capitalization change.[196]
"September 10, 2013",DAL,Delta Air Lines,BMC,BMC Software,BMC taken private by consortium[197]
"July 8, 2013",NLSN,Nielsen Holdings,S,Sprint Nextel,Softbank consortium purchase results in public float below 50%[198]
"July 1, 2013",NWSA,21st Century Fox,APOL,Apollo Education Group,Apollo Group's market cap more representative of a mid-cap[199]
"June 21, 2013",ZTS,Zoetis,FHN,First Horizon,Zoetis spun off by Pfizer[200]
"June 6, 2013",GM,General Motors,HNZ,Heinz,HNZ acquired by consortium[201]
"May 23, 2013",KSU,Kansas City Southern,DF,Dean Foods,DF too small after spinoff of White Wave Foods[202]
"May 8, 2013",MAC,Macerich,CVH,Coventry Health Care,Acquired by Aetna (AET)[203]
"April 30, 2013",REGN,Regeneron Pharmaceuticals,PCS,MetroPCS,A majority of MetroPCS was acquired by T-Mobile[204]
"February 15, 2013",PVH,PVH,BIG,Big Lots,Market capitalization changes[205]
"January 2, 2013",ABBV,AbbVie,FII,Federated Investors,ABBV spun off from Abbott Labs (ABT)[206]
"December 21, 2012",DLPH,Delphi Automotive,TIE,Titanium Metals,TIE acquired by Precision Cast Parts (PCP)[207]
"December 11, 2012",GRMN,Garmin,RRD,RR Donnelley,Market capitalization changes[208]
"December 3, 2012",DG,Dollar General,CBE,Cooper Industries,Acquired by Eaton Corp. (ETN)[209]
"October 10, 2012",PETM,PetSmart,SUN,Sunoco,Acquired by Energy Transfer Partners (ETP)[210]
"October 2, 2012",KRFT,Kraft Foods,ANR,Alpha Natural Resources,Kraft split into two companies[211]
"October 2, 2012",MDLZ,Mondelez,KFT,Kraft Foods,Old Kraft Foods renamed Mondelez[212]
"October 1, 2012",ADT,ADT,LXK,Lexmark,Tyco spun off ADT
"October 1, 2012",PNR,Pentair,DV,DeVry,Tyco spin-off merged w/Pentair
"September 5, 2012",LYB,LyondellBasell,SHLD,Sears Holdings,SHLD below public float threshold
"July 31, 2012",ESV,Ensco,GR,Goodrich Corporation,Goodrich acquired by United Technologies (UTX).[213]
"July 2, 2012",STX,Seagate Technology,PGN,Progress Energy,Acquired by Duke Energy (DUK)[214]
"June 29, 2012",MNST,Monster Beverage,SLE,Sara Lee Corporation,Split up of Sara Lee[215]
"June 5, 2012",LRCX,Lam Research,NVLS,Novellus Systems,Acquired by Lam Research (LRCX)[216]
"May 21, 2012",ALXN,Alexion Pharmaceuticals,MMI,Motorola Mobility,Acquired by Google (GOOG)[217]
"May 17, 2012",KMI,Kinder Morgan,EP,El Paso Corporation,Acquired by Kinder Morgan (KMI)[218]
"April 23, 2012",PSX,Phillips 66,SVU,Supervalu,ConocoPhillips spun off Phillips 66[219]
"April 3, 2012",FOSL,Fossil,MHS,Medco Health Solutions,Acquired by Express Scripts (ESRX)[220]
"March 13, 2012",CCI,Crown Castle,CEG,Constellation Energy Group,Acquired by Exelon Corp. (EXC)[221]
"December 31, 2011",WPX,WPX Energy,CPWR,Compuware,Market capitalization changes[222]
"December 20, 2011",TRIP,TripAdvisor,TLAB,Tellabs,Expedia spun off TripAdvisor.[223]
"December 16, 2011",BWA,BorgWarner,AKS,AK Steel,Market capitalization changes[224]
"December 16, 2011",PRGO,Perrigo,MWW,Monster Worldwide,Market capitalization changes
"December 16, 2011",DLTR,Dollar Tree,WFR,MEMC Electronic Materials,Market capitalization changes
"December 12, 2011",GAS,AGL Resources.,GAS,Nicor Gas,"Nicor acquired by AGL, which retained the GAS ticker.[225]"
"November 18, 2011",CBE,Cooper Industries,JNS,Janus Capital Group,Janus Capital Group's market capitalization is less than $1.2 billion  and is no longer representative of the large cap market space.[226]
"October 31, 2011",XYL,Xylem,ITT,ITT,Spun off from ITT Corp.[227]
"October 14, 2011",TEL,TE Connectivity,CEPH,Cephalon,Acquired by Teva Pharmaceutical Industries (TEVA).[228]
"September 23, 2011",MOS,The Mosaic Company,NSM,National Semiconductor,Acquired by Texas Instruments (TXN).[229]
"July 5, 2011",ACN,Accenture,MI,Marshall & Ilsley,Marshall & Iisley is being bought by Bank of Montreal[230]
"June 30, 2011",MPC,Marathon Oil,RSH,RadioShack,Market capitalization adjustments.[231]
"June 1, 2011",ANR,Alpha Natural Resources,MEE,Massey Energy,Alpha Natural Resources acquired Massey Energy.[232]
"April 27, 2011",CMG,Chipotle Mexican Grill,NOVL,Novell,Acquired by private equity firms.[233]
"April 1, 2011",BLK,BlackRock,GENZ,Genzyme,Acquired by Sanofi Aventis (SNY)[234]
"March 31, 2011",EW,Edwards Lifesciences,Q,Qwest Communications,Acquired by CenturyLink[235]
"February 28, 2011",COV,Covidien,MFE,McAfee,Acquired by Intel[236]
"February 25, 2011",JOYG,Joy Global,AYE,Allegheny Energy,Acquired by First Energy (FE).[237]
"January 3, 2011",MMI,Motorola Mobility,MDP,Meredith Corp,S&P constituent Motorola spun off Motorola Mobility.[238]
"December 17, 2010",CVC,Cablevision,KG,King Pharmaceuticals,Acquired by Pfizer.[239]
"December 17, 2010",FFIV,F5 Networks,EK,Eastman Kodak,Market Cap changes.[239]
"December 17, 2010",NFLX,Netflix,ODP,Office Depot,Market Cap changes.
"December 17, 2010",NFX,Newfield Exploration,NYT,The New York Times Company,Market Cap changes.
"November 17, 2010",IR,Ingersoll-Rand,PTV,Pactiv,Reynolds Group Holdings acquired Pactiv.[240]
"August 26, 2010",TYC,Tyco International,SII,Smith International,Acquired by Schlumberger (SLB)[241]
"July 14, 2010",CB,Chubb,MIL,Millipore,Acquired by Merck KGaA (MKGAY)[242]
"June 30, 2010",QEP,QEP Resources,STR,Questar,"Company split. QEP retained, but ticker changed.[243]"
"June 28, 2010",KMX,CarMax,XTO,XTO Energy,Acquired by ExxonMobil[244]
"April 29, 2010",CERN,Cerner,BJS,BJ Services,Acquired by Baker Hughes[245]
"February 26, 2010",HP,Helmerich & Payne,RX,IMS Health,Taken private
"December 18, 2009",V,Visa,CIEN,Ciena,Market capitalization change.[citation needed]
"December 18, 2009",MJN,Mead Johnson Nutrition,DYN,Dynegy,Market capitalization change.[citation needed]
"December 18, 2009",CLF,Cliffs Natural Resources,KBH,KB Home,Market capitalization change.[citation needed]
"December 18, 2009",SAI,SAIC,CVG,Convergys,Market capitalization change.[citation needed]
"December 18, 2009",ROST,Ross Stores,MBI,MBIA,Market capitalization change.[citation needed]
"November 3, 2009",PCLN,Priceline.com,SGP,Schering-Plough,Acquired by Merck & Co. (MRK)[246]
"September 28, 2009",ARG,Airgas,CBE,Cooper Industries,Redomesticated to Ireland[247]
"August 19, 2009",FMC,FMC Corporation,CTX,Centex Corp.,Centex acquired by Pulte Homes.[248]
"June 29, 2009",PCS,MetroPCS,,,PCS replaced TEL.[249]
"June 25, 2009",,,TEL,TE Connectivity,"Tyco Electronics left the index because it was reincorporating in Switzerland, making it ineligible for inclusion.[249]"
"June 5, 2009",FTI,FMC Technologies,COV,Covidien,"Covidien moved its place of incorporation to Ireland, making it ineligible for inclusion in the index.[250]"
"March 3, 2009",HRL,Hormel Foods,ACAS,American Capital,Capitalization rebalance.[251]
"March 3, 2009",VTR,Ventas,JNY,Jones Apparel Group,Capitalization rebalance.
"December 31, 2008",OI,Owens-Illinois,WB,Wachovia Bank,Wachovia Bank acquired by Wells Fargo.[252]
"September 16, 2008",HRS,Harris Corporation,LEH,Lehman Brothers,Lehman Brothers filed for bankruptcy.[253]
"September 12, 2008",CRM,Salesforce,FRE,Freddie Mac,Capitalization rebalance.[254]
"September 12, 2008",FAST,Fastenal,FNM,Fannie Mae,Capitalization rebalance.[254]
"July 1, 2008",AKS,AK Steel,CFC,Countrywide Financial Corp,Ak Steel replaced Countrywide Financial.[255]
"June 23, 2008",COG,Cabot Oil & Gas,BC,Brunswick,Market capitalization change.[256]
"June 23, 2008",MEE,Massey Energy,OMX,OfficeMax,Market capitalization change.[256]
"June 10, 2008",LO,Lorillard Tobacco Company,ABK,Ambac Financial,Market Value Decline[257]
"December 20, 2007",RRC,Range Resources,TRB,Tribune Media,Taken private[258]
"December 13, 2007",GME,GameStop,DJ,Dow Jones,Acquired by News Corporation
"October 26, 2007",JEC,Jacobs Engineering Group,AV,Avaya,Taken private[259]
"October 2, 2007",EXPE,Expedia,SLR,Solectron,Solectron acquired by Flextronics.[260]
"October 1, 2007",TDC,Teradata,NCR,NCR Corporation,Teradata spun off by NCR Corporation.[260]
"September 27, 2007",TSO,Tesoro Corporation,MXIM,Maxim Integrated Products,MXIM delisted from NASDAQ exchange.[260]
"September 26, 2007",ICE,Intercontinental Exchange,FDC,First Data,FDC acquired by KKR.[260]
"August 24, 2007",LUK,Leucadia National,KSE,KeySpan,Acquired by National Grid plc[261]
"July 2, 2007",DFS,Discover Financial,ADCT,ADC Telecommunications,Discover Financial Services debuts on New York Stock Exchange.[262]
"March 30, 2007",KFT,Kraft Foods,TSG,Sabre Corporation,Taken Private[263]
"January 10, 2007",AVB,AvalonBay Communities,SBL,Symbol Technologies,Acquired by Motorola[264]
"June 2, 2006",JNPR,Juniper Networks,ABS,Albertsons,Albertsons acquired by SuperValu and CVS Corp.[265]
"November 18, 2005",AMZN,Amazon,T,AT&T Corporation,AT&T Corp. acquired by SBC Communications[266]
"July 1, 2005",STZ,Constellation Brands,GLK,Great Lakes Chemical,Acquired by Crompton Corp.
"September 25, 2003",ESRX,Express Scripts,QTRN,Quintiles Transnational,Taken private
"December 5, 2000",INTU,Intuit,BS,Bethlehem Steel,Market Cap changes.[267]
"December 5, 2000",SBL,Symbol Technologies,OI,Owens-Illinois,Market Cap changes.
"December 5, 2000",AYE,Allegheny Energy,GRA,WR Grace,Market Cap changes.
"December 5, 2000",ABK,Ambac Financial,CCK,Crown Holdings,Market Cap changes.
"July 27, 2000",JDSU,JDS Uniphase,RAD,Rite Aid,Market Cap change.[268]
"June 12, 2000",CVG,Convergys,TMC,Times Mirror,Tribune Co. acquired Times Mirror.[269]
"June 7, 2000",SBUX,Starbucks,SMS,Shared Medical Systems,Siemens AG acquired Shared Medical Systems.[269]
"December 8, 1999",YHOO,Yahoo!,LDW,Laidlaw,Market capitalization change.[270]
"June 9, 1999",WLP,Wellpoint,HPH,Harnischfeger Industries,Harnischfeger filed for bankruptcy.[271]
"April 12, 1999",ACT,Actavis,,,Actavis plc (NYSE:ACT) added to S&P 500
"December 11, 1998",FSR,Firstar,AN,Amoco,BP purchased Amoco.[272]
"December 11, 1998",CCL,Carnival Corp.,GRN,General Re,Berkshire Hathaway purchased General Re.[272]
"December 11, 1998",CPWR,Compuware,SUN,SunAmerica,AIG purchased SunAmerica.[272]
"June 17, 1997",CCR,Countrywide Credit Industries,USL,USLife,AIG acquired USLife.[273]
"September 30, 1994",NCC,National City,MCK,McKesson,McKesson sold PCS Health Services to Eli Lilly.[274]
"July 1, 1976",BUD,Anheuser Busch,HNG,Houston Natural Gas,"Major restructuring of S&P 500 to have fewer industrials and utilities, and more financial companies to add ""new strength and breadth""[275]"
"July 1, 1976",DIS,The Walt Disney Company,AYE,Allegheny Energy,"Major restructuring of S&P 500 to have fewer industrials and utilities, and more financial companies to add ""new strength and breadth""[275]"
