Politics,Politics.1
"Government Agencies Energy policy Foreign relations Parliament Lok Sabha Rajya Sabha President Vice President Prime Minister Union Council of Ministers Civil Services Cabinet Secretary State governments State legislative assemblies State legislative councils Governors, Lieutenant Governors and Administrators Chief Ministers Chief Secretaries Law Constitution Penal Code Fundamental rights, principles and duties Human rights Supreme Court Chief Justice High Courts District Courts EnforcementFederal Border Security Force (BSF) Central Industrial Security Force (CISF) Central Reserve Police Force (CRPF) Indo-Tibetan Border Police (ITBP) National Security Guard (NSG) Railway Protection Force (RPF) Sashastra Seema Bal (SSB) Special Protection Group (SPG) Intelligence Bureau of Police Research and Development (BPR&D) Central Bureau of Investigation (CBI) Directorate of Revenue Intelligence (DRI) Enforcement Directorate (ED) Intelligence Bureau (IB) Joint Intelligence Committee (JIC) Narcotics Control Bureau (NCB) National Investigation Agency (NIA) Research and Analysis Wing (R&AW) Military Army Navy Air Force Politics Censorship Citizenship Elections Democracy Nationalism Political parties Reservations Scandals Scheduled groups Secularism Women in politics","Government Agencies Energy policy Foreign relations Parliament Lok Sabha Rajya Sabha President Vice President Prime Minister Union Council of Ministers Civil Services Cabinet Secretary State governments State legislative assemblies State legislative councils Governors, Lieutenant Governors and Administrators Chief Ministers Chief Secretaries Law Constitution Penal Code Fundamental rights, principles and duties Human rights Supreme Court Chief Justice High Courts District Courts EnforcementFederal Border Security Force (BSF) Central Industrial Security Force (CISF) Central Reserve Police Force (CRPF) Indo-Tibetan Border Police (ITBP) National Security Guard (NSG) Railway Protection Force (RPF) Sashastra Seema Bal (SSB) Special Protection Group (SPG) Intelligence Bureau of Police Research and Development (BPR&D) Central Bureau of Investigation (CBI) Directorate of Revenue Intelligence (DRI) Enforcement Directorate (ED) Intelligence Bureau (IB) Joint Intelligence Committee (JIC) Narcotics Control Bureau (NCB) National Investigation Agency (NIA) Research and Analysis Wing (R&AW) Military Army Navy Air Force Politics Censorship Citizenship Elections Democracy Nationalism Political parties Reservations Scandals Scheduled groups Secularism Women in politics"
Government,"Agencies Energy policy Foreign relations Parliament Lok Sabha Rajya Sabha President Vice President Prime Minister Union Council of Ministers Civil Services Cabinet Secretary State governments State legislative assemblies State legislative councils Governors, Lieutenant Governors and Administrators Chief Ministers Chief Secretaries"
Law,"Constitution Penal Code Fundamental rights, principles and duties Human rights Supreme Court Chief Justice High Courts District Courts EnforcementFederal Border Security Force (BSF) Central Industrial Security Force (CISF) Central Reserve Police Force (CRPF) Indo-Tibetan Border Police (ITBP) National Security Guard (NSG) Railway Protection Force (RPF) Sashastra Seema Bal (SSB) Special Protection Group (SPG) Intelligence Bureau of Police Research and Development (BPR&D) Central Bureau of Investigation (CBI) Directorate of Revenue Intelligence (DRI) Enforcement Directorate (ED) Intelligence Bureau (IB) Joint Intelligence Committee (JIC) Narcotics Control Bureau (NCB) National Investigation Agency (NIA) Research and Analysis Wing (R&AW)"
"Constitution Penal Code Fundamental rights, principles and duties Human rights Supreme Court Chief Justice High Courts District Courts","Constitution Penal Code Fundamental rights, principles and duties Human rights Supreme Court Chief Justice High Courts District Courts"
Enforcement,Federal Border Security Force (BSF) Central Industrial Security Force (CISF) Central Reserve Police Force (CRPF) Indo-Tibetan Border Police (ITBP) National Security Guard (NSG) Railway Protection Force (RPF) Sashastra Seema Bal (SSB) Special Protection Group (SPG) Intelligence Bureau of Police Research and Development (BPR&D) Central Bureau of Investigation (CBI) Directorate of Revenue Intelligence (DRI) Enforcement Directorate (ED) Intelligence Bureau (IB) Joint Intelligence Committee (JIC) Narcotics Control Bureau (NCB) National Investigation Agency (NIA) Research and Analysis Wing (R&AW)
Federal,Border Security Force (BSF) Central Industrial Security Force (CISF) Central Reserve Police Force (CRPF) Indo-Tibetan Border Police (ITBP) National Security Guard (NSG) Railway Protection Force (RPF) Sashastra Seema Bal (SSB) Special Protection Group (SPG)
Intelligence,Bureau of Police Research and Development (BPR&D) Central Bureau of Investigation (CBI) Directorate of Revenue Intelligence (DRI) Enforcement Directorate (ED) Intelligence Bureau (IB) Joint Intelligence Committee (JIC) Narcotics Control Bureau (NCB) National Investigation Agency (NIA) Research and Analysis Wing (R&AW)
Military,Army Navy Air Force
Politics,Censorship Citizenship Elections Democracy Nationalism Political parties Reservations Scandals Scheduled groups Secularism Women in politics
